Issue key,Issue id,Summary,Status,Comments
NDBSIT-4164,31037,My Account Checkout Integration | Payment Information,Duplicate of Story NDBSIT-4426,
NDBSIT-4168,31042,My Account Checkout Integration | Order Confirmation Page | Create an Account opportunity,New Implementation,
NDBSIT-4329,32144,My Account - Required Shipping Address Fields,Duplicate of Story NDBSIT-4423,
NDBSIT-4266,31702,My Account Checkout Integration | Log-in component,Duplicate of Story NDBSIT-4386,
NDBSIT-4226,31342,My Account | Catalog & Shutter Guide Request,New Implementation,
NDBSIT-4225,31341,My Account | Warranty Request,New Implementation,
NDBSIT-4224,31340,My Account | Contact Us Integration,New Implementation,
NDBSIT-4223,31339,My Account | SAH Integration,New Implementation,
NDBSIT-4165,31038,My Account Checkout Integration | Billing & Payment Save and Continue CTA,Duplicate of Story NDBSIT-4320,
NDBSIT-4163,31036,My Account Checkout Integration | Billing & Payment Information,Duplicate of Story NDBSIT-4425,
NDBSIT-4162,31035,My Account Checkout Integration | Save Shipping Address CTA,Duplicate of Story NDBSIT-4386,
NDBSIT-4017,29680,Global | loader icon should display in all pages.,New Implementation,Working on this story in this sprint
NDBSIT-4171,31051,My Account Checkout Integration | Create an Account Post purchase,New Implementation,
NDBSIT-4170,31046,My Account | Billing Addresses,New Implementation,
NDBSIT-3737,27629,Track Order,New Implementation,
NDBSIT-3740,27632,My Account | Contact Us Integration,New Implementation,
NDBSIT-3947,29253,My Account | Order History Pagination,Duplicate of Story NDBSIT-4323,
